[
  {
    "id": 1,
    "author_id": 4,
    "title": "Article 1"
  },
  {
    "id": 2,
    "author_id": 12,
    "title": "Article 2"
  },
  {
    "id": 3,
    "author_id": 3,
    "title": "Article 3"
  },
  {
    "id": 4,
    "author_id": 10,
    "title": "Article 4"
  },
  {
    "id": 5,
    "author_id": 4,
    "title": "Article 5"
  },
  {
    "id": 6,
    "author_id": 8,
    "title": "Article 6"
  },
  {
    "id": 7,
    "author_id": 11,
    "title": "Article 7"
  },
  {
    "id": 8,
    "author_id": 8,
    "title": "Article 8"
  }
]