[
  {
    "id": 1,
    "name": "Brian Gregory",
    "country_code": "MS"
  },
  {
    "id": 2,
    "name": "Mabel Gilbert",
    "country_code": "SE"
  },
  {
    "id": 3,
    "name": "Georgie Jordan",
    "country_code": "JO"
  },
  {
    "id": 4,
    "name": "Janie Woods",
    "country_code": "GD"
  },
  {
    "id": 5,
    "name": "Celia Marsh",
    "country_code": "LR"
  },
  {
    "id": 6,
    "name": "Gertrude McBride",
    "country_code": "AO"
  },
  {
    "id": 7,
    "name": "Hannah Ramsey",
    "country_code": "ZW"
  },
  {
    "id": 8,
    "name": "Matthew Norris",
    "country_code": "HK"
  },
  {
    "id": 9,
    "name": "Marion Griffin",
    "country_code": "EA"
  },
  {
    "id": 10,
    "name": "Virgie Yates",
    "country_code": "AL"
  },
  {
    "id": 11,
    "name": "Emma Rios",
    "country_code": "SL"
  },
  {
    "id": 12,
    "name": "Matilda Logan",
    "country_code": "KW"
  }
]